{
    "counter": {
        "ACTIVE": 1884,
        "INACTIVE": 1,
        "INVALID": 0,
        "MALICIOUS": 0,
        "SANE": 0,
        "VALID": 0,
        "total": 1885
    },
    "percentage": {
        "ACTIVE": 99.94694960212202,
        "INACTIVE": 0.09319664492078285,
        "INVALID": 0,
        "MALICIOUS": 0,
        "SANE": 0,
        "VALID": 0,
        "total": 100.0401462470428
    }
}