{
    "counter": {
        "ACTIVE": 2351,
        "INACTIVE": 1,
        "INVALID": 0,
        "MALICIOUS": 0,
        "SANE": 0,
        "VALID": 0,
        "total": 2352
    },
    "percentage": {
        "ACTIVE": 99.95748299319727,
        "INACTIVE": 0.970873786407767,
        "INVALID": 0,
        "MALICIOUS": 0,
        "SANE": 0,
        "VALID": 0,
        "total": 100.92835677960504
    }
}