{
    "counter": {
        "ACTIVE": 1458,
        "INACTIVE": 2,
        "INVALID": 0,
        "MALICIOUS": 0,
        "SANE": 0,
        "VALID": 0,
        "total": 1460
    },
    "percentage": {
        "ACTIVE": 99.86301369863014,
        "INACTIVE": 0.37593984962406013,
        "INVALID": 0,
        "MALICIOUS": 0,
        "SANE": 0,
        "VALID": 0,
        "total": 100.2389535482542
    }
}