{
    "counter": {
        "ACTIVE": 2336,
        "INACTIVE": 1,
        "INVALID": 0,
        "MALICIOUS": 0,
        "SANE": 0,
        "VALID": 0,
        "total": 2337
    },
    "percentage": {
        "ACTIVE": 99.95721009841678,
        "INACTIVE": 3.0303030303030303,
        "INVALID": 0,
        "MALICIOUS": 0,
        "SANE": 0,
        "VALID": 0,
        "total": 102.98751312871981
    }
}