{
    "counter": {
        "ACTIVE": 2382,
        "INACTIVE": 56,
        "INVALID": 0,
        "MALICIOUS": 0,
        "SANE": 0,
        "VALID": 0,
        "total": 2438
    },
    "percentage": {
        "ACTIVE": 97.70303527481542,
        "INACTIVE": 2.525935949481281,
        "INVALID": 0,
        "MALICIOUS": 0,
        "SANE": 0,
        "VALID": 0,
        "total": 100.2289712242967
    }
}