{
    "counter": {
        "ACTIVE": 1918,
        "INACTIVE": 2,
        "INVALID": 0,
        "MALICIOUS": 0,
        "SANE": 0,
        "VALID": 0,
        "total": 1920
    },
    "percentage": {
        "ACTIVE": 99.89583333333333,
        "INACTIVE": 0.3883495145631068,
        "INVALID": 0,
        "MALICIOUS": 0,
        "SANE": 0,
        "VALID": 0,
        "total": 100.28418284789643
    }
}