{
    "counter": {
        "ACTIVE": 2337,
        "INACTIVE": 1,
        "INVALID": 0,
        "MALICIOUS": 0,
        "SANE": 0,
        "VALID": 0,
        "total": 2338
    },
    "percentage": {
        "ACTIVE": 99.95722840034217,
        "INACTIVE": 0.3058103975535168,
        "INVALID": 0,
        "MALICIOUS": 0,
        "SANE": 0,
        "VALID": 0,
        "total": 100.26303879789569
    }
}