{
    "counter": {
        "ACTIVE": 264,
        "INACTIVE": 2,
        "INVALID": 0,
        "MALICIOUS": 0,
        "SANE": 0,
        "VALID": 0,
        "total": 266
    },
    "percentage": {
        "ACTIVE": 99.24812030075188,
        "INACTIVE": 0.7751937984496124,
        "INVALID": 0,
        "MALICIOUS": 0,
        "SANE": 0,
        "VALID": 0,
        "total": 100.02331409920149
    }
}