{
    "counter": {
        "ACTIVE": 2335,
        "INACTIVE": 1,
        "INVALID": 0,
        "MALICIOUS": 0,
        "SANE": 0,
        "VALID": 0,
        "total": 2336
    },
    "percentage": {
        "ACTIVE": 99.95719178082192,
        "INACTIVE": 1.3513513513513513,
        "INVALID": 0,
        "MALICIOUS": 0,
        "SANE": 0,
        "VALID": 0,
        "total": 101.30854313217327
    }
}