{
    "counter": {
        "ACTIVE": 1077,
        "INACTIVE": 5,
        "INVALID": 0,
        "MALICIOUS": 0,
        "SANE": 0,
        "VALID": 0,
        "total": 1082
    },
    "percentage": {
        "ACTIVE": 99.53789279112755,
        "INACTIVE": 0.6811989100817438,
        "INVALID": 0,
        "MALICIOUS": 0,
        "SANE": 0,
        "VALID": 0,
        "total": 100.2190917012093
    }
}