{
    "counter": {
        "ACTIVE": 1206,
        "INACTIVE": 40,
        "INVALID": 0,
        "MALICIOUS": 0,
        "SANE": 0,
        "VALID": 0,
        "total": 1246
    },
    "percentage": {
        "ACTIVE": 96.78972712680577,
        "INACTIVE": 3.4782608695652173,
        "INVALID": 0,
        "MALICIOUS": 0,
        "SANE": 0,
        "VALID": 0,
        "total": 100.26798799637099
    }
}