{
    "counter": {
        "ACTIVE": 1539,
        "INACTIVE": 1,
        "INVALID": 0,
        "MALICIOUS": 0,
        "SANE": 0,
        "VALID": 0,
        "total": 1540
    },
    "percentage": {
        "ACTIVE": 99.93506493506493,
        "INACTIVE": 0.15527950310559005,
        "INVALID": 0,
        "MALICIOUS": 0,
        "SANE": 0,
        "VALID": 0,
        "total": 100.09034443817052
    }
}