{
    "counter": {
        "ACTIVE": 2333,
        "INACTIVE": 6,
        "INVALID": 0,
        "MALICIOUS": 0,
        "SANE": 0,
        "VALID": 0,
        "total": 2339
    },
    "percentage": {
        "ACTIVE": 99.74348011970928,
        "INACTIVE": 0.41841004184100417,
        "INVALID": 0,
        "MALICIOUS": 0,
        "SANE": 0,
        "VALID": 0,
        "total": 100.16189016155028
    }
}