{
    "counter": {
        "ACTIVE": 1544,
        "INACTIVE": 185,
        "INVALID": 1,
        "MALICIOUS": 0,
        "SANE": 0,
        "VALID": 0,
        "total": 1730
    },
    "percentage": {
        "ACTIVE": 89.2485549132948,
        "INACTIVE": 10.743321718931474,
        "INVALID": 0.08658008658008658,
        "MALICIOUS": 0,
        "SANE": 0,
        "VALID": 0,
        "total": 100.07845671880635
    }
}