{
    "counter": {
        "ACTIVE": 576,
        "INACTIVE": 32,
        "INVALID": 0,
        "MALICIOUS": 0,
        "SANE": 0,
        "VALID": 0,
        "total": 608
    },
    "percentage": {
        "ACTIVE": 94.73684210526316,
        "INACTIVE": 5.369127516778524,
        "INVALID": 0,
        "MALICIOUS": 0,
        "SANE": 0,
        "VALID": 0,
        "total": 100.10596962204168
    }
}