{
    "counter": {
        "ACTIVE": 1645,
        "INACTIVE": 23,
        "INVALID": 0,
        "MALICIOUS": 0,
        "SANE": 0,
        "VALID": 0,
        "total": 1668
    },
    "percentage": {
        "ACTIVE": 98.621103117506,
        "INACTIVE": 2.203065134099617,
        "INVALID": 0,
        "MALICIOUS": 0,
        "SANE": 0,
        "VALID": 0,
        "total": 100.82416825160561
    }
}