{
    "counter": {
        "ACTIVE": 240,
        "INACTIVE": 28,
        "INVALID": 1,
        "MALICIOUS": 0,
        "SANE": 0,
        "VALID": 0,
        "total": 269
    },
    "percentage": {
        "ACTIVE": 89.21933085501858,
        "INACTIVE": 11.382113821138212,
        "INVALID": 1.8181818181818181,
        "MALICIOUS": 0,
        "SANE": 0,
        "VALID": 0,
        "total": 102.41962649433862
    }
}