{
    "counter": {
        "ACTIVE": 2353,
        "INACTIVE": 23,
        "INVALID": 0,
        "MALICIOUS": 0,
        "SANE": 0,
        "VALID": 0,
        "total": 2376
    },
    "percentage": {
        "ACTIVE": 99.03198653198653,
        "INACTIVE": 2.203065134099617,
        "INVALID": 0,
        "MALICIOUS": 0,
        "SANE": 0,
        "VALID": 0,
        "total": 101.23505166608615
    }
}