{
    "counter": {
        "ACTIVE": 438,
        "INACTIVE": 43,
        "INVALID": 0,
        "MALICIOUS": 0,
        "SANE": 0,
        "VALID": 0,
        "total": 481
    },
    "percentage": {
        "ACTIVE": 91.06029106029106,
        "INACTIVE": 8.977035490605427,
        "INVALID": 0,
        "MALICIOUS": 0,
        "SANE": 0,
        "VALID": 0,
        "total": 100.0373265508965
    }
}