{
    "counter": {
        "ACTIVE": 1650,
        "INACTIVE": 2,
        "INVALID": 0,
        "MALICIOUS": 0,
        "SANE": 0,
        "VALID": 0,
        "total": 1652
    },
    "percentage": {
        "ACTIVE": 99.87893462469734,
        "INACTIVE": 0.15910898965791567,
        "INVALID": 0,
        "MALICIOUS": 0,
        "SANE": 0,
        "VALID": 0,
        "total": 100.03804361435525
    }
}