{
    "counter": {
        "ACTIVE": 2376,
        "INACTIVE": 8,
        "INVALID": 0,
        "MALICIOUS": 0,
        "SANE": 0,
        "VALID": 0,
        "total": 2384
    },
    "percentage": {
        "ACTIVE": 99.66442953020135,
        "INACTIVE": 0.367816091954023,
        "INVALID": 0,
        "MALICIOUS": 0,
        "SANE": 0,
        "VALID": 0,
        "total": 100.03224562215537
    }
}