{
    "counter": {
        "ACTIVE": 1087,
        "INACTIVE": 1,
        "INVALID": 0,
        "MALICIOUS": 0,
        "SANE": 0,
        "VALID": 0,
        "total": 1088
    },
    "percentage": {
        "ACTIVE": 99.90808823529412,
        "INACTIVE": 0.1669449081803005,
        "INVALID": 0,
        "MALICIOUS": 0,
        "SANE": 0,
        "VALID": 0,
        "total": 100.07503314347441
    }
}