{
    "counter": {
        "ACTIVE": 2103,
        "INACTIVE": 1,
        "INVALID": 0,
        "MALICIOUS": 0,
        "SANE": 0,
        "VALID": 0,
        "total": 2104
    },
    "percentage": {
        "ACTIVE": 99.95247148288973,
        "INACTIVE": 0.15527950310559005,
        "INVALID": 0,
        "MALICIOUS": 0,
        "SANE": 0,
        "VALID": 0,
        "total": 100.10775098599532
    }
}