{
    "counter": {
        "ACTIVE": 1153,
        "INACTIVE": 1,
        "INVALID": 0,
        "MALICIOUS": 0,
        "SANE": 0,
        "VALID": 0,
        "total": 1154
    },
    "percentage": {
        "ACTIVE": 99.91334488734836,
        "INACTIVE": 1.3513513513513513,
        "INVALID": 0,
        "MALICIOUS": 0,
        "SANE": 0,
        "VALID": 0,
        "total": 101.26469623869971
    }
}