{
    "counter": {
        "ACTIVE": 1154,
        "INACTIVE": 1,
        "INVALID": 0,
        "MALICIOUS": 0,
        "SANE": 0,
        "VALID": 0,
        "total": 1155
    },
    "percentage": {
        "ACTIVE": 99.91341991341992,
        "INACTIVE": 0.26455026455026454,
        "INVALID": 0,
        "MALICIOUS": 0,
        "SANE": 0,
        "VALID": 0,
        "total": 100.17797017797018
    }
}