{
    "counter": {
        "ACTIVE": 1758,
        "INACTIVE": 3,
        "INVALID": 0,
        "MALICIOUS": 0,
        "SANE": 0,
        "VALID": 0,
        "total": 1761
    },
    "percentage": {
        "ACTIVE": 99.82964224872232,
        "INACTIVE": 0.5244755244755245,
        "INVALID": 0,
        "MALICIOUS": 0,
        "SANE": 0,
        "VALID": 0,
        "total": 100.35411777319784
    }
}