{
    "counter": {
        "ACTIVE": 975,
        "INACTIVE": 39,
        "INVALID": 0,
        "MALICIOUS": 0,
        "SANE": 0,
        "VALID": 0,
        "total": 1014
    },
    "percentage": {
        "ACTIVE": 96.15384615384616,
        "INACTIVE": 4.457142857142857,
        "INVALID": 0,
        "MALICIOUS": 0,
        "SANE": 0,
        "VALID": 0,
        "total": 100.61098901098902
    }
}