{
    "counter": {
        "ACTIVE": 1399,
        "INACTIVE": 18,
        "INVALID": 0,
        "MALICIOUS": 0,
        "SANE": 0,
        "VALID": 0,
        "total": 1417
    },
    "percentage": {
        "ACTIVE": 98.72971065631616,
        "INACTIVE": 1.5025041736227045,
        "INVALID": 0,
        "MALICIOUS": 0,
        "SANE": 0,
        "VALID": 0,
        "total": 100.23221482993887
    }
}