{
    "counter": {
        "ACTIVE": 2247,
        "INACTIVE": 56,
        "INVALID": 0,
        "MALICIOUS": 0,
        "SANE": 0,
        "VALID": 0,
        "total": 2303
    },
    "percentage": {
        "ACTIVE": 97.56838905775076,
        "INACTIVE": 2.525935949481281,
        "INVALID": 0,
        "MALICIOUS": 0,
        "SANE": 0,
        "VALID": 0,
        "total": 100.09432500723204
    }
}