{
    "counter": {
        "ACTIVE": 2245,
        "INACTIVE": 2,
        "INVALID": 0,
        "MALICIOUS": 0,
        "SANE": 0,
        "VALID": 0,
        "total": 2247
    },
    "percentage": {
        "ACTIVE": 99.91099243435691,
        "INACTIVE": 0.15527950310559005,
        "INVALID": 0,
        "MALICIOUS": 0,
        "SANE": 0,
        "VALID": 0,
        "total": 100.0662719374625
    }
}