{
    "counter": {
        "ACTIVE": 1949,
        "INACTIVE": 1,
        "INVALID": 0,
        "MALICIOUS": 0,
        "SANE": 0,
        "VALID": 0,
        "total": 1950
    },
    "percentage": {
        "ACTIVE": 99.94871794871794,
        "INACTIVE": 0.10416666666666667,
        "INVALID": 0,
        "MALICIOUS": 0,
        "SANE": 0,
        "VALID": 0,
        "total": 100.05288461538461
    }
}