{
    "counter": {
        "ACTIVE": 1147,
        "INACTIVE": 1,
        "INVALID": 0,
        "MALICIOUS": 0,
        "SANE": 0,
        "VALID": 0,
        "total": 1148
    },
    "percentage": {
        "ACTIVE": 99.91289198606272,
        "INACTIVE": 3.0303030303030303,
        "INVALID": 0,
        "MALICIOUS": 0,
        "SANE": 0,
        "VALID": 0,
        "total": 102.94319501636575
    }
}