{
    "counter": {
        "ACTIVE": 224,
        "INACTIVE": 12,
        "INVALID": 0,
        "MALICIOUS": 0,
        "SANE": 0,
        "VALID": 0,
        "total": 236
    },
    "percentage": {
        "ACTIVE": 94.91525423728814,
        "INACTIVE": 5.333333333333333,
        "INVALID": 0,
        "MALICIOUS": 0,
        "SANE": 0,
        "VALID": 0,
        "total": 100.24858757062147
    }
}