{
    "counter": {
        "ACTIVE": 606,
        "INACTIVE": 90,
        "INVALID": 0,
        "MALICIOUS": 0,
        "SANE": 0,
        "VALID": 0,
        "total": 696
    },
    "percentage": {
        "ACTIVE": 87.06896551724138,
        "INACTIVE": 13.062409288824384,
        "INVALID": 0,
        "MALICIOUS": 0,
        "SANE": 0,
        "VALID": 0,
        "total": 100.13137480606576
    }
}