{
    "counter": {
        "ACTIVE": 1810,
        "INACTIVE": 1,
        "INVALID": 0,
        "MALICIOUS": 0,
        "SANE": 0,
        "VALID": 0,
        "total": 1811
    },
    "percentage": {
        "ACTIVE": 99.94478188845942,
        "INACTIVE": 0.3048780487804878,
        "INVALID": 0,
        "MALICIOUS": 0,
        "SANE": 0,
        "VALID": 0,
        "total": 100.24965993723991
    }
}