{
    "counter": {
        "ACTIVE": 2351,
        "INACTIVE": 3,
        "INVALID": 0,
        "MALICIOUS": 0,
        "SANE": 0,
        "VALID": 0,
        "total": 2354
    },
    "percentage": {
        "ACTIVE": 99.87255734919286,
        "INACTIVE": 0.15267175572519084,
        "INVALID": 0,
        "MALICIOUS": 0,
        "SANE": 0,
        "VALID": 0,
        "total": 100.02522910491805
    }
}