{
    "counter": {
        "ACTIVE": 1875,
        "INACTIVE": 1,
        "INVALID": 0,
        "MALICIOUS": 0,
        "SANE": 0,
        "VALID": 0,
        "total": 1876
    },
    "percentage": {
        "ACTIVE": 99.94669509594883,
        "INACTIVE": 0.3058103975535168,
        "INVALID": 0,
        "MALICIOUS": 0,
        "SANE": 0,
        "VALID": 0,
        "total": 100.25250549350234
    }
}