{
    "counter": {
        "ACTIVE": 1099,
        "INACTIVE": 1,
        "INVALID": 0,
        "MALICIOUS": 0,
        "SANE": 0,
        "VALID": 0,
        "total": 1100
    },
    "percentage": {
        "ACTIVE": 99.9090909090909,
        "INACTIVE": 0.20202020202020202,
        "INVALID": 0,
        "MALICIOUS": 0,
        "SANE": 0,
        "VALID": 0,
        "total": 100.11111111111111
    }
}