{
    "counter": {
        "ACTIVE": 2343,
        "INACTIVE": 1,
        "INVALID": 0,
        "MALICIOUS": 0,
        "SANE": 0,
        "VALID": 0,
        "total": 2344
    },
    "percentage": {
        "ACTIVE": 99.95733788395904,
        "INACTIVE": 0.23980815347721823,
        "INVALID": 0,
        "MALICIOUS": 0,
        "SANE": 0,
        "VALID": 0,
        "total": 100.19714603743626
    }
}