{
    "counter": {
        "ACTIVE": 2004,
        "INACTIVE": 1,
        "INVALID": 0,
        "MALICIOUS": 0,
        "SANE": 0,
        "VALID": 0,
        "total": 2005
    },
    "percentage": {
        "ACTIVE": 99.9501246882793,
        "INACTIVE": 0.15527950310559005,
        "INVALID": 0,
        "MALICIOUS": 0,
        "SANE": 0,
        "VALID": 0,
        "total": 100.10540419138489
    }
}