{
    "counter": {
        "ACTIVE": 1149,
        "INACTIVE": 2,
        "INVALID": 0,
        "MALICIOUS": 0,
        "SANE": 0,
        "VALID": 0,
        "total": 1151
    },
    "percentage": {
        "ACTIVE": 99.8262380538662,
        "INACTIVE": 0.1988071570576541,
        "INVALID": 0,
        "MALICIOUS": 0,
        "SANE": 0,
        "VALID": 0,
        "total": 100.02504521092386
    }
}