{
    "counter": {
        "ACTIVE": 2138,
        "INACTIVE": 6,
        "INVALID": 0,
        "MALICIOUS": 0,
        "SANE": 0,
        "VALID": 0,
        "total": 2144
    },
    "percentage": {
        "ACTIVE": 99.72014925373135,
        "INACTIVE": 0.31071983428275507,
        "INVALID": 0,
        "MALICIOUS": 0,
        "SANE": 0,
        "VALID": 0,
        "total": 100.0308690880141
    }
}