{
    "counter": {
        "ACTIVE": 2344,
        "INACTIVE": 1,
        "INVALID": 0,
        "MALICIOUS": 0,
        "SANE": 0,
        "VALID": 0,
        "total": 2345
    },
    "percentage": {
        "ACTIVE": 99.95735607675905,
        "INACTIVE": 0.05924170616113744,
        "INVALID": 0,
        "MALICIOUS": 0,
        "SANE": 0,
        "VALID": 0,
        "total": 100.01659778292019
    }
}