{
    "counter": {
        "ACTIVE": 2277,
        "INACTIVE": 1,
        "INVALID": 0,
        "MALICIOUS": 0,
        "SANE": 0,
        "VALID": 0,
        "total": 2278
    },
    "percentage": {
        "ACTIVE": 99.95610184372256,
        "INACTIVE": 0.15527950310559005,
        "INVALID": 0,
        "MALICIOUS": 0,
        "SANE": 0,
        "VALID": 0,
        "total": 100.11138134682815
    }
}