{
    "counter": {
        "ACTIVE": 1143,
        "INACTIVE": 1,
        "INVALID": 0,
        "MALICIOUS": 0,
        "SANE": 0,
        "VALID": 0,
        "total": 1144
    },
    "percentage": {
        "ACTIVE": 99.91258741258741,
        "INACTIVE": 1.3513513513513513,
        "INVALID": 0,
        "MALICIOUS": 0,
        "SANE": 0,
        "VALID": 0,
        "total": 101.26393876393877
    }
}