{
    "counter": {
        "ACTIVE": 2345,
        "INACTIVE": 1,
        "INVALID": 0,
        "MALICIOUS": 0,
        "SANE": 0,
        "VALID": 0,
        "total": 2346
    },
    "percentage": {
        "ACTIVE": 99.95737425404944,
        "INACTIVE": 0.20202020202020202,
        "INVALID": 0,
        "MALICIOUS": 0,
        "SANE": 0,
        "VALID": 0,
        "total": 100.15939445606965
    }
}