{
    "counter": {
        "ACTIVE": 1334,
        "INACTIVE": 1,
        "INVALID": 0,
        "MALICIOUS": 0,
        "SANE": 0,
        "VALID": 0,
        "total": 1335
    },
    "percentage": {
        "ACTIVE": 99.9250936329588,
        "INACTIVE": 0.2994011976047904,
        "INVALID": 0,
        "MALICIOUS": 0,
        "SANE": 0,
        "VALID": 0,
        "total": 100.2244948305636
    }
}