{
    "counter": {
        "ACTIVE": 1255,
        "INACTIVE": 1,
        "INVALID": 0,
        "MALICIOUS": 0,
        "SANE": 0,
        "VALID": 0,
        "total": 1256
    },
    "percentage": {
        "ACTIVE": 99.92038216560509,
        "INACTIVE": 0.15527950310559005,
        "INVALID": 0,
        "MALICIOUS": 0,
        "SANE": 0,
        "VALID": 0,
        "total": 100.07566166871068
    }
}